ticket,symbol,type,lots,opening_time_utc,closing_time_utc,opening_price,closing_price,profit,commission,swap
71204411,XAUUSD,buy,0.30,2026-10-05 07:12:00,2026-10-05 09:48:00,2391.20,2398.65,223.50,-2.10,0.00
71204587,EURUSD,sell,1.00,2026-10-05 13:05:00,2026-10-05 15:30:00,1.08412,1.08297,115.00,-7.00,0.00
71205120,GBPUSD,buy,0.50,2026-10-06 08:02:00,2026-10-06 10:11:00,1.27380,1.27104,-138.00,-3.50,0.00
71205796,XAUUSD,sell,0.20,2026-10-06 14:20:00,2026-10-06 16:02:00,2402.10,2396.40,114.00,-1.40,0.00
71206333,AUDUSD,buy,1.50,2026-10-07 07:45:00,2026-10-07 10:20:00,0.66512,0.66641,193.50,-10.50,0.00
71206902,EURUSD,buy,1.00,2026-10-07 13:30:00,2026-10-07 14:55:00,1.08210,1.08118,-92.00,-7.00,0.00
71207458,XAUUSD,buy,0.30,2026-10-08 07:10:00,2026-10-08 09:40:00,2389.80,2396.10,189.00,-2.10,0.00
71208021,GBPUSD,sell,1.00,2026-10-08 13:15:00,2026-10-08 15:05:00,1.27620,1.27455,165.00,-7.00,0.00
71208694,AUDUSD,sell,1.00,2026-10-09 08:05:00,2026-10-09 09:50:00,0.66700,0.66792,-92.00,-7.00,0.00
71209233,XAUUSD,buy,0.20,2026-10-09 12:40:00,2026-10-09 15:10:00,2394.30,2402.85,171.00,-1.40,0.00
